{
  "goodbye": {
    "precision": 0.8333333333333334,
    "recall": 1.0,
    "f1-score": 0.9090909090909091,
    "support": 5,
    "confused_with": {}
  },
  "greet": {
    "precision": 1.0,
    "recall": 0.8333333333333334,
    "f1-score": 0.9090909090909091,
    "support": 6,
    "confused_with": {
      "goodbye": 1
    }
  },
  "accuracy": 0.9090909090909091,
  "macro avg": {
    "precision": 0.9166666666666667,
    "recall": 0.9166666666666667,
    "f1-score": 0.9090909090909091,
    "support": 11
  },
  "weighted avg": {
    "precision": 0.9242424242424243,
    "recall": 0.9090909090909091,
    "f1-score": 0.9090909090909091,
    "support": 11
  },
  "micro avg": {
    "precision": 0.9090909090909091,
    "recall": 0.9090909090909091,
    "f1-score": 0.9090909090909091,
    "support": 11
  }
}